Date,Time,Price
2026-01-01,09:15,11156.75
2026-01-01,09:45,11233.36
2026-01-01,10:15,11327.29
2026-01-01,10:45,11374.14
2026-01-01,11:15,11338.51
2026-01-01,11:45,11441.88
2026-01-01,12:15,11339.67
2026-01-01,12:45,11334.53
2026-01-01,13:15,11434.66
2026-01-01,13:45,11527.03
2026-01-01,14:15,11486.50
2026-01-01,14:45,11581.96
2026-01-01,15:15,11517.58
2026-01-02,09:15,11454.19
2026-01-02,09:45,11527.08
2026-01-02,10:15,11550.51
2026-01-02,10:45,11542.53
2026-01-02,11:15,11629.92
2026-01-02,11:45,11573.60
2026-01-02,12:15,11522.90
2026-01-02,12:45,11522.26
2026-01-02,13:15,11520.77
2026-01-02,13:45,11543.78
2026-01-02,14:15,11594.51
2026-01-02,14:45,11519.51
2026-01-02,15:15,11457.38
2026-01-05,09:15,11436.71
2026-01-05,09:45,11536.13
2026-01-05,10:15,11436.32
2026-01-05,10:45,11491.54
2026-01-05,11:15,11556.76
2026-01-05,11:45,11575.83
2026-01-05,12:15,11637.51
2026-01-05,12:45,11553.78
2026-01-05,13:15,11467.85
2026-01-05,13:45,11467.86
2026-01-05,14:15,11420.08
2026-01-05,14:45,11332.56
2026-01-05,15:15,11373.14
2026-01-06,09:15,11457.16
2026-01-06,09:45,11434.44
2026-01-06,10:15,11396.47
2026-01-06,10:45,11338.82
2026-01-06,11:15,11282.32
2026-01-06,11:45,11327.02
2026-01-06,12:15,11219.21
2026-01-06,12:45,11175.71
2026-01-06,13:15,11236.70
2026-01-06,13:45,11330.02
2026-01-06,14:15,11277.17
2026-01-06,14:45,11211.58
2026-01-06,15:15,11121.56
2026-01-07,09:15,11189.92
2026-01-07,09:45,11251.40
2026-01-07,10:15,11141.60
2026-01-07,10:45,11118.69
2026-01-07,11:15,11160.92
2026-01-07,11:45,11080.52
2026-01-07,12:15,10994.51
2026-01-07,12:45,10981.91
2026-01-07,13:15,11039.86
2026-01-07,13:45,11017.62
2026-01-07,14:15,11054.44
2026-01-07,14:45,10973.04
2026-01-07,15:15,10868.20
2026-01-08,09:15,10861.66
2026-01-08,09:45,10873.69
2026-01-08,10:15,10801.97
2026-01-08,10:45,10848.57
2026-01-08,11:15,10841.69
2026-01-08,11:45,10830.17
2026-01-08,12:15,10810.68
2026-01-08,12:45,10715.98
2026-01-08,13:15,10648.67
2026-01-08,13:45,10632.23
2026-01-08,14:15,10597.75
2026-01-08,14:45,10520.13
2026-01-08,15:15,10419.11
2026-01-09,09:15,10409.61
2026-01-09,09:45,10412.08
2026-01-09,10:15,10438.20
2026-01-09,10:45,10432.84
2026-01-09,11:15,10530.83
2026-01-09,11:45,10493.68
2026-01-09,12:15,10496.51
2026-01-09,12:45,10589.13
2026-01-09,13:15,10628.28
2026-01-09,13:45,10590.61
2026-01-09,14:15,10581.31
2026-01-09,14:45,10654.57
2026-01-09,15:15,10729.68
2026-01-12,09:15,10725.92
2026-01-12,09:45,10650.43
2026-01-12,10:15,10629.54
2026-01-12,10:45,10541.90
2026-01-12,11:15,10480.22
2026-01-12,11:45,10532.08
2026-01-12,12:15,10458.15
2026-01-12,12:45,10557.65
2026-01-12,13:15,10576.80
2026-01-12,13:45,10665.07
2026-01-12,14:15,10598.31
2026-01-12,14:45,10647.21
2026-01-12,15:15,10627.79
2026-01-13,09:15,10732.82
2026-01-13,09:45,10731.75
2026-01-13,10:15,10685.68
2026-01-13,10:45,10710.21
2026-01-13,11:15,10663.19
2026-01-13,11:45,10562.33
2026-01-13,12:15,10523.74
2026-01-13,12:45,10551.68
2026-01-13,13:15,10549.33
2026-01-13,13:45,10513.39
2026-01-13,14:15,10594.98
2026-01-13,14:45,10614.00
2026-01-13,15:15,10702.75
2026-01-14,09:15,10654.09
2026-01-14,09:45,10667.93
2026-01-14,10:15,10716.82
2026-01-14,10:45,10616.01
2026-01-14,11:15,10533.73
2026-01-14,11:45,10454.68
2026-01-14,12:15,10484.42
2026-01-14,12:45,10528.51
2026-01-14,13:15,10531.06
2026-01-14,13:45,10466.77
2026-01-14,14:15,10493.52
2026-01-14,14:45,10526.32
2026-01-14,15:15,10491.06
2026-01-15,09:15,10486.67
2026-01-15,09:45,10474.61
2026-01-15,10:15,10578.59
2026-01-15,10:45,10679.80
2026-01-15,11:15,10688.08
2026-01-15,11:45,10782.41
2026-01-15,12:15,10778.12
2026-01-15,12:45,10849.71
2026-01-15,13:15,10838.02
2026-01-15,13:45,10864.64
2026-01-15,14:15,10822.24
2026-01-15,14:45,10896.79
2026-01-15,15:15,10791.62
2026-01-16,09:15,10876.63
2026-01-16,09:45,10969.09
2026-01-16,10:15,11004.20
2026-01-16,10:45,11058.07
2026-01-16,11:15,11156.34
2026-01-16,11:45,11267.20
2026-01-16,12:15,11324.39
2026-01-16,12:45,11435.80
2026-01-16,13:15,11432.66
2026-01-16,13:45,11534.53
2026-01-16,14:15,11633.48
2026-01-16,14:45,11633.16
2026-01-16,15:15,11575.06
2026-01-19,09:15,11577.96
2026-01-19,09:45,11504.81
2026-01-19,10:15,11561.12
2026-01-19,10:45,11458.88
2026-01-19,11:15,11352.96
2026-01-19,11:45,11329.61
2026-01-19,12:15,11276.85
2026-01-19,12:45,11274.39
2026-01-19,13:15,11198.65
2026-01-19,13:45,11196.68
2026-01-19,14:15,11217.48
2026-01-19,14:45,11252.19
2026-01-19,15:15,11164.80
2026-01-20,09:15,11220.57
2026-01-20,09:45,11120.58
2026-01-20,10:15,11085.68
2026-01-20,10:45,11122.26
2026-01-20,11:15,11173.91
2026-01-20,11:45,11148.71
2026-01-20,12:15,11230.17
2026-01-20,12:45,11238.65
2026-01-20,13:15,11306.08
2026-01-20,13:45,11345.63
2026-01-20,14:15,11288.40
2026-01-20,14:45,11364.59
2026-01-20,15:15,11390.51
2026-01-21,09:15,11482.11
2026-01-21,09:45,11374.72
2026-01-21,10:15,11474.48
2026-01-21,10:45,11379.14
2026-01-21,11:15,11289.33
2026-01-21,11:45,11365.48
2026-01-21,12:15,11295.08
2026-01-21,12:45,11219.62
2026-01-21,13:15,11302.36
2026-01-21,13:45,11189.93
2026-01-21,14:15,11198.28
2026-01-21,14:45,11215.11
2026-01-21,15:15,11260.29
